"regon14","nip","nazwa","woj","pow","gmi","miej","ul","nr","lok","miej_naz","ul_naz"
"01005430100000","5341109982","POWIATOWY URZĄD PRACY","14","21","021","0921510","04317","30","","Pruszków","ul. Michała Drzymały"
"01617974200000","1250559105","POWIATOWY URZĄD PRACY","14","34","124","0921792","23682","5A","","Wołomin","ul. Warszawska"
"01617974200027","1250559105","POWIATOWY URZĄD PRACY W WOŁOMINIE FILIA W TŁUSZCZU","14","34","114","0966441","23682","10","","Tłuszcz","ul. Warszawska"
"01617974200034","1250559105","POWIATOWY URZĄD PRACY W WOŁOMINIE FILIA URZĘDU W RADZYMINIE","14","34","094","0921591","23901","31","","Radzymin","ul. Weteranów"
"01618370300000","1231250393","POWIATOWY URZĄD PRACY W PIASECZNIE","14","18","044","0921438","03225","2/4","","Piaseczno","ul. Czajewicza"
"01618419200000","8371017418","POWIATOWY URZĄD PRACY W SOCHACZEWIE","14","28","011","0977120","10493","11","","Sochaczew","ul. Janusza Kusocińskiego"
"01618546400000","8381650904","POWIATOWY URZĄD PRACY W ŻYRARDOWIE","14","38","011","0977210","11074","45","","Żyrardów","ul. Bolesława Limanowskiego"
"01618588900000","5291555282","POWIATOWY URZĄD PRACY W GRODZISKU MAZOWIECKIM","14","05","044","0920380","32578","30","","Grodzisk Mazowiecki","ul. T. Kościuszki"
"01618965700000","5311460485","POWIATOWY URZĄD PRACY W NOWYM DWORZE MAZOWIECKIM","14","14","011","0921148","20291","6","","Nowy Dwór Mazowiecki","ul. Juliusza Słowackiego"
"01621041700000","1132191233","URZĄD PRACY MIASTA STOŁECZNEGO WARSZAWY","14","65","078","0918838","06137","171B","","Warszawa","ul. Grochowska"
"01621875500000","5361048628","POWIATOWY URZĄD PRACY","14","08","011","0920806","19907","11","","Legionowo","ul. gen. Władysława Sikorskiego"
"01626171600000","5321734352","POWIATOWY URZĄD PRACY W OTWOCKU","14","17","021","0921237","05948","11","","Otwock","ul. Górna"
"01627963300000","1181517485","POWIATOWY URZĄD PRACY DLA POWIATU WARSZAWSKIEGO ZACHODNIEGO","14","32","064","0921415","17394","131 A","","Ożarów Mazowiecki","ul. Poznańska"
"01636205000000","5272262656","WOJEWÓDZKI URZĄD PRACY W WARSZAWIE","14","65","188","0919884","02739","52","","Warszawa","ul. Chłodna"
"03001774400000","5371618010","POWIATOWY URZĄD PRACY W ŁOSICACH","14","10","024","0922120","14015","6","","Łosice","ul. Narutowicza"
"03029461000000","5391368266","POWIATOWY URZĄD PRACY W PARCZEWIE","06","13","044","0922254","01010","2","","Parczew","ul. Bema"
"03029468500000","5381633347","POWIATOWY URZĄD PRACY W RADZYNIU PODLASKIM","06","15","011","0922277","02837","10","","Radzyń Podlaski","ul. Chomiczewskiego"
"03029484000000","8251434906","POWIATOWY URZĄD PRACY W ŁUKOWIE","06","11","011","0975530","16264","14","","Łuków","ul. Józefa Piłsudskiego"
"03088488900000","5371998082","POWIATOWY URZĄD PRACY W BIAŁEJ PODLASKIEJ","06","61","011","0922018","02230","101","","Biała Podlaska","ul. Brzeska"
"05068493300000","9661487133","WOJEWÓDZKI URZĄD PRACY W BIAŁYMSTOKU","20","61","011","0922410","16900","22","","Białystok","ul. Pogodna"
"05086730300000","5451032536","POWIATOWY URZĄD PRACY W SOKÓŁCE","20","11","084","0923443","10069","40","","Sokółka","ul. Kryńska"
"05086730300022","5451032536","POWIATOWY URZĄD PRACY W SOKÓŁCE FILIA W DĄBROWIE BIAŁOSTOCKIEJ","20","11","014","0922923","21552","4A","","Dąbrowa Białostocka","ul. gen. Nikodema Sulika"
"05086909300000","5431015138","POWIATOWY URZĄD PRACY W HAJNÓWCE","20","05","011","0923035","36029","10A","","Hajnówka","ul. Marszałka Józefa Piłsudskiego"
"05086921300000","9660590610","POWIATOWY URZĄD PRACY","20","61","011","0922410","16900","63/1","","Białystok","ul. Pogodna"
"05086975600000","5431015121","POWIATOWY URZĄD PRACY W BIELSKU PODLASKIM","20","03","011","0922685","11937","17","","Bielsk Podlaski","ul. 3 Maja"
"05086981600000","5441175642","POWIATOWY URZĄD PRACY W SIEMIATYCZACH","20","10","011","0923360","10772","3","","Siemiatycze","ul. Legionów Piłsudskiego"
"07231977700000","5481041600","POWIATOWY URZĄD PRACY","24","03","011","0924158","24685","6","","Cieszyn","pl. Wolności"
"07232033200000","5532167358","POWIATOWY URZĄD PRACY W ŻYWCU","24","17","011","0927642","11577","28","","Żywiec","ul. Łączna"
"07232097000000","9371494633","POWIATOWY URZĄD PRACY W BIELSKU-BIAŁEJ","24","61","011","0923584","15733","55","","Bielsko-Biała","ul. Partyzantów"
"07232309800000","6381722092","POWIATOWY URZĄD PRACY","24","10","054","0942222","04434","23","","Pszczyna","ul. Dworcowa"
"09012213800000","5561109406","POWIATOWY URZĄD PRACY","04","07","011","0928989","12569","17","","Inowrocław","ul. Mątewska"
"09250651200000","5591130670","POWIATOWY URZĄD PRACY W ŚWIECIU","04","14","094","0929664","24628","195A","","Świecie","ul. Wojska Polskiego"
"09250659300000","5611373052","POWIATOWY URZĄD PRACY W TUCHOLI","04","16","064","0929724","16415","23","","Tuchola","ul. Plac Wolności"
"09250936700000","5621578873","POWIATOWY URZĄD PRACY","04","19","064","0929865","20060","4","","Żnin","ul. Składowa"
"09251109700000","5571028129","POWIATOWY URZĄD PRACY","04","09","034","0929428","14633","1","","Mogilno","ul. Obrońców Mogilna"
"09251269400000","5611408566","Powiatowy Urząd Pracy w Sępólnie Krajeńskim","04","13","024","0929546","09582","11","","Sępólno Krajeńskie","ul. Tadeusza Kościuszki"
"09251274800000","5581569039","POWIATOWY URZĄD PRACY  NAKŁO NAD NOTECIĄ","04","10","034","0929463","03673","46","","Nakło nad Notecią","ul. gen. Henryka Dąbrowskiego"
"09253428200000","9532364428","POWIATOWY URZĄD PRACY","04","61","011","0928363","22902","147","","Bydgoszcz","ul. Toruńska"
"10132043600000","7282787574","POWIATOWY URZĄD PRACY W ŁODZI","10","61","069","0958453","12938","91","","Łódź","ul. Milionowa"
"11025935900000","5651339216","POWIATOWY URZĄD PRACY WE WŁODAWIE","06","19","011","0930294","14116","2","","Włodawa","ul. Niecała"
"11025946000000","5631057236","POWIATOWY URZĄD PRACY W CHEŁMIE","06","62","011","0929902","14201","1","","Chełm","pl. Niepodległości"
"11026163000000","5641505564","POWIATOWY URZĄD PRACY W KRASNYMSTAWIE","06","06","011","0930070","13379","4","","Krasnystaw","ul. Mostowa"
"12024173600000","7343159991","POWIATOWY URZĄD PRACY DLA POWIATU NOWOSĄDECKIEGO W NOWYM SĄCZU","12","62","011","0959435","14055","118","","Nowy Sącz","ul. Nawojowska"
"13043280700000","5661086320","POWIATOWY URZĄD PRACY W CIECHANOWIE","14","02","011","0930414","21654","11","","Ciechanów","ul. Tadeusza Sygietyńskiego"
"13043307200000","5691310992","POWIATOWY URZĄD PRACY W MŁAWIE","14","13","011","0930696","25084","7","","Mława","ul. Stanisława Wyspiańskiego"
"13043331000000","5671047735","POWIATOWY URZĄD PRACY W PŁOŃSKU","14","20","011","0930800","24687","12","","Płońsk","ul. Wolności"
"13043339100000","5110001150","POWIATOWY URZĄD PRACY W ŻUROMINIE","14","37","064","0930851","11044","27 A","","Żuromin","ul. Lidzbarska"
"13043388200000","5681167300","Powiatowy Urząd Pracy w Pułtusku","14","24","044","0930816","14532","3","","Pułtusk","ul. Nowy Rynek"
"14118699800000","7743034721","MIEJSKI URZĄD PRACY W PŁOCKU","14","62","011","0968687","11937","16","","Płock","ul. 3 Maja"
"15152541200000","5751025871","POWIATOWY URZĄD PRACY W LUBLIŃCU","24","07","011","0931945","20421","9","","Lubliniec","ul. Sobieskiego"
"15152600900000","5741345769","POWIATOWY URZĄD PRACY W KŁOBUCKU","24","06","014","0931678","03851","114","","Kłobuck","ul. Jana Długosza"
"15152652900000","5771744356","POWIATOWY URZĄD PRACY W MYSZKOWIE","24","09","011","0932057","15733","21","","Myszków","ul. Partyzantów"
"15152765800000","5731038209","POWIATOWY URZĄD PRACY W CZĘSTOCHOWIE","24","64","011","0930868","22238","15","","Częstochowa","ul. Karola Szymanowskiego"
"17078297600000","7431718303","POWIATOWY URZĄD PRACY W LIDZBARKU WARMIŃSKIM","28","09","011","0964732","03811","8","","Lidzbark Warmiński","ul. Dębowa"
"17078298200000","5782608266","POWIATOWY URZĄD PRACY W ELBLĄGU","28","61","011","0932703","19506","24","","Elbląg","ul. Saperów"
"17078311900000","5821491355","POWIATOWY URZĄD PRACY W BRANIEWIE","28","02","011","0932710","09572","118","","Braniewo","ul. Kościuszki"
"19192760000000","5871023018","POWIATOWY URZĄD PRACY W PUCKU","22","11","031","0934636","15211","7","","Puck","ul. Elizy Orzeszkowej"
"19192765100000","5911024309","POWIATOWY URZĄD PRACY W KOŚCIERZYNIE","22","06","011","0934553","22800","1","","Kościerzyna","ul. Józefa Tkaczyka"
"19192772800000","5881141038","POWIATOWY URZĄD PRACY W WEJHEROWIE","22","15","031","0934984","23426","11","","Wejherowo","ul. Usługowa"
"19192773400000","5861213088","POWIATOWY URZĄD PRACY W GDYNI","22","62","011","0934100","28081","8","","Gdynia","ul. Hugo Kołłątaja"
"19192774000000","5832087155","GDAŃSKI URZĄD PRACY","22","61","011","0933016","10693","41","","Gdańsk","ul. Lastadia"
"19193037000000","5891436918","POWIATOWY URZĄD PRACY W KARTUZACH","22","05","024","0934547","13462","4","","Kartuzy","ul. Mściwoja II"
"19193256300000","5811485726","POWIATOWY URZĄD PRACY W KWIDZYNIE","22","07","011","0932790","06236","30","","Kwidzyn","ul. Grudziądzka"
"19193375200000","5931026501","POWIATOWY URZĄD PRACY W TCZEWIE","22","14","011","0934903","34760","14 A","","Tczew","Aleja Solidarności"
"19193448000000","5791513795","POWIATOWY URZĄD PRACY W MALBORKU","22","09","011","0932815","35012","70","","Malbork","Aleja Armii Krajowej"
"19195048900000","5921612120","POWIATOWY URZĄD PRACY W STAROGARDZIE GDAŃSKIM","22","13","031","0934837","07928","3","","Starogard Gdański","ul. Kanałowa"
"19197874300000","5782211273","POWIATOWY URZĄD PRACY W NOWYM DWORZE GDAŃSKIM","22","10","024","0932880","13296","1","","Nowy Dwór Gdański","ul. Morska"
"19203519100000","5832672043","WOJEWÓDZKI URZĄD PRACY W GDAŃSKU","22","61","011","0933016","16878","30","","Gdańsk","ul. Podwale Przedmiejskie"
"19263115400000","5791957032","POWIATOWY URZĄD PRACY W SZTUMIE Z SIEDZIBĄ W DZIERZGONIU","22","16","014","0932726","25829","11","","Dzierzgoń","ul. Tadeusza Zawadzkiego """"Zośki"""""
"21003887900000","5941231616","POWIATOWY URZĄD PRACY W CHOSZCZNIE","32","02","024","0935280","04167","15","","Choszczno","ul. Drawieńska"
"21003894500000","5971017916","POWIATOWY URZĄD PRACY W MYŚLIBORZU","32","10","044","0935558","17421","15","","Myślibórz","ul. Północna"
"21003896800000","5951008914","POWIATOWY URZĄD PRACY W MIĘDZYCHODZIE","30","14","034","0935506","21445","143","","Międzychód","ul. 17 Stycznia"
"21102549400000","5992585353","POWIATOWY URZĄD PRACY W GORZOWIE WIELKOPOLSKIM","08","61","011","0935140","23519","110","","Gorzów Wielkopolski","ul. Franciszka Walczaka"
"21102738100000","5992592376","POWIATOWY URZĄD PRACY W STRZELCACH KRAJEŃSKICH","08","06","044","0935742","24682","39","","Strzelce Krajeńskie","al. Wolności"
"21102774800000","5961486992","POWIATOWY URZĄD PRACY W SULĘCINIE","08","07","044","0935759","11139","18B","","Sulęcin","ul. Lipowa"
"21102793200000","5981478145","POWIATOWY URZĄD PRACY W SŁUBICACH","08","05","054","0935736","12734","3","","Słubice","ul. Mickiewicza"
"21102821600000","5961550000","POWIATOWY URZĄD PRACY","08","03","024","0935529","33831","1","","Międzyrzecz","Plac Powstańców Wielkopolskich"
"23088194000000","6131261187","POWIATOWY URZĄD PRACY W LUBANIU","02","10","011","0936150","11469","10","","Lubań","ul. Lwówecka"
"23088196200000","6121088103","POWIATOWY URZĄD PRACY W BOLESŁAWCU","02","01","011","0935989","14618","10","","Bolesławiec","ul. Obrońców Helu"
"23088198500000","6151790977","POWIATOWY URZĄD PRACY W ZGORZELCU","02","25","021","0936546","18099","14","","Zgorzelec","ul. Kazimierza Pułaskiego"
"23088200000000","6111072508","POWIATOWY URZĄD PRACY W JELENIEJ GÓRZE","02","61","011","0935802","16713","15","","Jelenia Góra","ul. Podchorążych"
"23088201600000","6141339287","POWIATOWY URZĄD PRACY W KAMIENNEJ GÓRZE","02","07","011","0936026","19834","6 A","","Kamienna Góra","ul. Henryka Sienkiewicza"
"23088203900000","6161387935","POWIATOWY URZĄD PRACY WE LWÓWKU ŚLĄSKIM","02","12","034","0936227","02337","1","","Lwówek Śląski","ul. Budowlanych"
"25005709300000","6181032282","POWIATOWY URZĄD PRACY W KALISZU","30","61","011","0936569","21071","47A","","Kalisz","ul. Stanisława Staszica"
"25005725900000","6171019914","POWIATOWY URZĄD PRACY W JAROCINIE","30","06","024","0936776","25316","2","","Jarocin","ul. Zaciszna"
"25005726500000","6211314715","POWIATOWY URZĄD PRACY W KROTOSZYNIE","30","12","044","0936931","18495","7B","","Krotoszyn","ul. Rawicka"
"25096542000000","6221797997","POWIATOWY URZĄD PRACY W OSTROWIE WIELKOPOLSKIM","30","17","011","0937132","24687","29A","","Ostrów Wielkopolski","ul. Wolności"
"25096563700000","5140070061","POWIATOWY URZĄD PRACY W OSTRZESZOWIE","30","18","074","0937250","17742","7","","Ostrzeszów","ul. Przemysłowa"
"25096734600000","6171563575","POWIATOWY URZĄD PRACY W PLESZEWIE","30","20","064","0937280","25081","6","","Pleszew","ul. Wyspiańskiego"
"25096794900000","6191060630","POWIATOWY URZĄD PRACY W KĘPNIE","30","08","035","0199740","","2H","","Mianowice",""
"26026090000000","6572805883","MIEJSKI URZĄD PRACY W KIELCACH","26","61","011","0945930","22238","6","","Kielce","ul. Karola Szymanowskiego"
"27671088000000","6272361726","POWIATOWY URZĄD PRACY W RUDZIE ŚLĄSKIEJ","24","72","011","0942630","28173","16","","Ruda Śląska","ul. Ballestremów"
"27671119300000","6491117386","POWIATOWY URZĄD PRACY W ZAWIERCIU","24","16","021","0945491","15710","2","","Zawiercie","ul. Parkowa"
"27671205700000","6511503403","POWIATOWY URZĄD PRACY W ŻORACH","24","79","011","0945746","15312","48","","Żory","ul. Osińska"
"27671220600000","6461803510","POWIATOWY URZĄD PRACY W TYCHACH","24","77","011","0944534","02337","59","","Tychy","ul. Budowlanych"
"27671436900000","6441097173","POWIATOWY URZĄD PRACY","24","75","011","0943428","19366","12","","Sosnowiec","ul. Rzeźnicza"
"27671612100000","6391741694","POWIATOWY URZĄD PRACY","24","11","011","0942469","08485","6","","Racibórz","ul. Klasztorna"
"27671823200000","6251669287","POWIATOWY URZĄD PRACY W BĘDZINIE","24","01","011","0937899","09830","17 A","","Będzin","ul. Ignacego Krasickiego"
"27671843300000","6482339012","POWIATOWY URZĄD PRACY W ZABRZU","24","78","011","0945380","38510","9","","Zabrze","Plac Krakowski"
"27671885800000","6331130969","POWIATOWY URZĄD PRACY W JASTRZĘBIU-ZDROJU","24","67","011","0940163","24806","2","","Jastrzębie-Zdrój","ul. Wrocławska"
"27671887000000","6272273206","POWIATOWY URZĄD PRACY W CHORZOWIE","24","63","011","0938887","15095","19","","Chorzów","ul. Opolska"
"27671899900000","6452213588","POWIATOWY URZĄD PRACY","24","13","041","0943813","22907","1","","Tarnowskie Góry","ul. Towarowa"
"27671998700000","6472209785","POWIATOWY URZĄD PRACY","24","15","041","0944853","12692","12","","Wodzisław Śląski","ul. Józefa Michalskiego"
"27672815300000","6321728843","POWIATOWY URZĄD PRACY W JAWORZNIE","24","68","011","0940335","17421","9 B","","Jaworzno","ul. Północna"
"27672977300000","6262489169","POWIATOWY URZĄD PRACY W BYTOMIU","24","62","011","0938670","11497","15","","Bytom","ul. Łagiewnicka"
"27675325700000","6312262256","POWIATOWY URZĄD PRACY W GLIWICACH","24","66","011","0940000","06920","12","","Gliwice","pl. Inwalidów Wojennych"
"27675467600000","6291522805","POWIATOWY URZĄD PRACY W DĄBROWIE GÓRNICZEJ","24","65","011","0939473","20431","12","","Dąbrowa Górnicza","ul. Jana III Sobieskiego"
"27676569700000","2220042071","POWIATOWY URZĄD PRACY W MYSŁOWICACH","24","70","011","0941487","12898","4 A","","Mysłowice","ul. Mikołowska"
"27676581700000","9542223907","POWIATOWY URZĄD PRACY W KATOWICACH","24","69","011","0937474","17255","14","","Katowice","ul. Pawła Pośpiecha"
"27681882100000","6422658110","POWIATOWY URZĄD PRACY W RYBNIKU","24","73","011","0942765","07181","1","","Rybnik","ul. Jankowicka"
"27685569600000","9542353828","WOJEWÓDZKI URZĄD PRACY","24","69","011","0937474","09582","30","","Katowice","ul. Tadeusza Kościuszki"
"27757702900000","6431625452","POWIATOWY URZĄD PRACY W SIEMIANOWICACH ŚLĄSKICH","24","74","011","0943150","25133","17","","Siemianowice Śląskie","ul. Wyzwolenia"
"27758524700000","6272419905","POWIATOWY URZĄD PRACY W ŚWIĘTOCHŁOWICACH","24","76","011","0943724","16466","3","","Świętochłowice","ul. Plebiscytowa"
"27758877700000","4980148586","POWIATOWY URZAD PRACY W PIEKARACH ŚLĄSKICH","24","71","011","0942104","48112","14","","Piekary Śląskie","ul. Ks. Jerzego Popiełuszki"
"27766035100000","6351653759","POWIATOWY URZĄD PRACY W MIKOŁOWIE","24","08","011","0941139","02844","8","","Łaziska Górne","ul. Chopina"
"29114005000000","6641037193","POWIATOWY URZĄD PRACY W STARACHOWICACH","26","11","011","0947930","18316","76","","Starachowice","ul. Radomska"
"29114014900000","6611015867","POWIATOWY URZĄD PRACY W OSTROWCU ŚW.","26","07","011","0947308","30066","36","","Ostrowiec Świętokrzyski","Aleja 3 Maja"
"29114178100000","6631403213","POWIATOWY URZĄD PRACY W SKARŻYSKU-KAMIENNEJ","26","10","011","0947716","19900","20","","Skarżysko-Kamienna","ul. Sikorskiego"
"29114196000000","8641146227","POWIATOWY URZĄD PRACY W SANDOMIERZU","26","09","011","0980926","12740","34","","Sandomierz","ul. Adama Mickiewicza"
"29114225000000","6581177860","POWIATOWY URZĄD PRACY","26","05","034","0947136","21071","2","","Końskie","ul. Stanisława Staszica"
"29114308200000","8661293380","POWIATOWY URZĄD PRACY W STASZOWIE","26","12","074","0981274","21970","4","","Staszów","ul. Szkolna"
"29114398100000","6551044953","POWIATOWY URZĄD PRACY W BUSKU-ZDROJU","26","01","014","0946651","01679","120","","Busko-Zdrój","ul. Bohaterów Warszawy"
"29114491100000","6561711782","POWIATOWY URZĄD PRACY W JĘDRZEJOWIE","26","02","024","0947030","14909","49B","","Jędrzejów","ul. Okrzei"
"29114584000000","6561720479","POWIATOWY URZĄD PRACY WE WŁOSZCZOWIE","26","13","064","0948472","21271","11","","Włoszczowa","ul. Strażacka"
"29114690400000","8631234177","POWIATOWY URZĄD PRACY W OPATOWIE","26","06","044","0980671","15733","13","","Opatów","ul. Partyzantów"
"29114754200000","6621041990","POWIATOWY URZĄD PRACY W PIŃCZOWIE","26","08","044","0947580","26188","7","","Pińczów","ul. Złota"
"29114817400000","6621335616","POWIATOWY URZĄD PRACY","26","03","034","0947076","15733","29","","Kazimierza Wielka","ul. Partyzantów"
"29114910400000","9590829453","POWIATOWY URZĄD PRACY W KIELCACH","26","61","011","0945930","08812","4","","Kielce","ul. Oskara Kolberga"
"29234674600000","9591457717","WOJEWÓDZKI URZĄD PRACY W KIELCACH","26","61","011","0945930","24459","86","","Kielce","ul. Wincentego Witosa"
"31001779100000","6651654898","POWIATOWY URZĄD PRACY W KONINIE","30","62","011","0948667","25449","4","","Konin","ul. Zakładowa"
"31001783900000","6671010253","POWIATOWY URZĄD PRACY W SŁUPCY","30","23","011","0949247","16057","2","","Słupca","ul. Piastów"
"31109608300000","6661065896","POWIATOWY URZĄD PRACY","30","09","011","0949052","19834","27","","Koło","ul. Henryka Sienkiewicza"
"31109664000000","6681364395","POWIATOWY URZĄD PRACY W TURKU","30","27","011","0949336","09095","6","","Turek","ul. Komunalna"
"33103383600000","6721761519","POWIATOWY URZĄD PRACY","32","16","011","0950322","09009","3","","Świdwin","ul. Kołobrzeska"
"33103653300000","6731666478","POWIATOWY URZĄD PRACY W SZCZECINKU","32","15","011","0950262","09509","91","","Szczecinek","ul. Koszalińska"
"33103667400000","6692254612","POWIATOWY URZĄD PRACY","32","61","011","0949448","18273","13","","Koszalin","ul. Racławicka"
"33103688100000","6711600401","POWIATOWY URZĄD PRACY","32","08","011","0950026","08202","46-48","","Kołobrzeg","ul. Katedralna"
"33103725400000","2530059663","POWIATOWY URZĄD PRACY","32","03","024","0949862","20941","9","","Drawsko Pomorskie","ul. Starogrodzka"
"33103864400000","8392381827","POWIATOWY URZĄD PRACY","32","13","021","0977410","19674","2 A","","Sławno","ul. Stefanii Sempołowskiej"
"33104201900000","6721765227","POWIATOWY URZĄD PRACY","32","01","011","0949690","22466","21A","","Białogard","ul. Świdwińska"
"33105784800000","7651014142","POWIATOWY URZĄD PRACY","32","17","011","0967245","24628","41","","Wałcz","ul. Wojska Polskiego"
"35711223100000","5512128125","POWIATOWY URZĄD PRACY W WADOWICACH","12","18","094","0926921","12740","27","","Wadowice","ul. Adama Mickiewicza"
"35711341400000","5491250386","POWIATOWY URZĄD PRACY W OŚWIĘCIMIU","12","13","011","0924997","25084","10","","Oświęcim","ul. Stanisława Wyspiańskiego"
"35711407500000","6762129505","WOJEWÓDZKI URZĄD PRACY W KRAKOWIE","12","61","029","0950470","52827","1","","Kraków","Plac Na Stawach"
"35711409800000","5521234536","POWIATOWY URZĄD PRACY W SUCHEJ BESKIDZKIEJ","12","15","021","0925287","12740","31","","Sucha Beskidzka","ul. Adama Mickiewicza"
"35711718000000","6772133193","URZĄD PRACY POWIATU KRAKOWSKIEGO","12","06","152","0342108","23884","48","","Szyce","ul. Wesoła"
"35711718000012","6772133193","URZĄD PRACY POWIATU KRAKOWSKIEGO","12","61","029","0950470","12540","21","","Kraków","ul. Mazowiecka"
"35711816200000","6811692029","POWIATOWY URZĄD PRACY","12","09","034","0951617","04247","2","","Myślenice","ul. Drogowców"
"35712393800000","6821533930","POWIATOWY URZĄD PRACY W PROSZOWICACH","12","14","054","0951818","09796","11","","Proszowice","ul. Krakowska"
"35712492600000","6782748246","GRODZKI URZĄD PRACY W KRAKOWIE","12","61","039","0950718","23810","34","","Kraków","ul. Wąwozowa"
"35712603200000","6831404714","POWIATOWY URZĄD PRACY W WIELICZCE","12","19","054","0952232","19834","13A","","Wieliczka","ul. Henryka Sienkiewicza"
"35712865700000","6281666974","POWIATOWY URZĄD PRACY","12","03","034","0938982","20291","8","","Chrzanów","ul. Juliusza Słowackiego"
"35713992200000","6591161754","POWIATOWY URZĄD PRACY","12","08","054","0947225","19834","27","","Miechów","ul. Henryka Sienkiewicza"
"35722801100000","6371045891","POWIATOWY URZĄD PRACY W OLKUSZU","12","12","054","0941777","12979","2","","Olkusz","ul. Antoniego Minkiewicza"
"37048672800000","6861262503","POWIATOWY URZĄD PRACY W BRZOZOWIE","18","02","014","0952841","19252","9","","Brzozów","Rynek"
"37048686900000","6842148261","POWIATOWY URZĄD PRACY W KROŚNIE","18","61","011","0952410","01326","5","","Krosno","ul. Bieszczadzka"
"37048721900000","6851010970","POWIATOWY URZĄD PRACY W JAŚLE","18","05","011","0953059","19253","18","","Jasło","ul. Rynek"
"37048726000000","6871259655","POWIATOWY URZĄD PRACY W SANOKU","18","17","011","0953510","19237","20A","","Sanok","ul. Rymanowska"
"37048869600000","8191258505","POWIATOWY URZĄD PRACY W STRZYŻOWIE","18","19","044","0975010","03635","2","","Strzyżów","ul. Daszyńskiego"
"37048938800000","6891003290","POWIATOWY URZĄD PRACY W USTRZYKACH DOLNYCH","18","01","084","0953817","01000","22","","Ustrzyki Dolne","ul. Bełska"
"37103438800000","6881231693","POWIATOWY URZĄD PRACY W LESKU","18","21","034","0953409","08265","4","","Lesko","ul. Kazimierza Wielkiego"
"39072973000000","6921033718","POWIATOWY URZĄD PRACY W LUBINIE","02","11","011","0954142","08435","12B","","Lubin","ul. Jana Kilińskiego"
"39072980700000","6911074087","POWIATOWY URZĄD PRACY","02","62","011","0954047","00285","2","","Legnica","ul. gen. Władysława Andersa"
"39073016000000","6941031585","POWIATOWY URZĄD PRACY W ZŁOTORYI","02","26","021","0954219","12946","18","","Złotoryja","al. Miła"
"39073019900000","6931897159","POWIATOWY URZĄD PRACY W GŁOGOWIE","02","03","011","0954082","16033","1","","Głogów","ul. Piaskowa"
"39073222900000","6921756776","POWIATOWY URZĄD PRACY","02","16","044","0954165","10780","15","","Polkowice","ul. Legnicka"
"39073270300000","6951009222","POWIATOWY URZĄD PRACY","02","05","011","0954120","21359","7","","Jawor","ul. Strzegomska"
"41114297000000","6991444792","POWIATOWY URZĄD PRACY,RAWICZ","30","22","054","0954604","07911","19A","","Rawicz","ul. Stanisława Kamińskiego"
"41114347700000","6971040956","POWIATOWY URZĄD PRACY,LESZNO","30","63","011","0954225","22382","5","","Leszno","ul. Śniadeckich"
"41114349000000","9231363144","POWIATOWY URZĄD PRACY W WOLSZTYNIE","30","29","034","0988632","21469","5A","","Wolsztyn","ul. 5 Stycznia"
"41114375000000","6961396284","POWIATOWY URZĄD PRACY W GOSTYNIU","30","04","024","0954395","17394","200G","","Gostyń","ul. Poznańska"
"41114395100000","6981040998","POWIATOWY URZĄD PRACY W KOŚCIANIE","30","11","011","0954484","48168","8","","Kościan","ul. Ks. Prym. Stefana Wyszyńskiego"
"41114401100000","7851633200","POWIATOWY URZĄD PRACY W ŚREMIE","30","26","044","0971560","05860","49","","Śrem","ul. Gostyńska"
"43012391300000","7121936939","WOJEWÓDZKI URZĄD PRACY W LUBLINIE","06","63","011","0954700","14686","4","","Lublin","ul. Obywatelska"
"43012391300029","7121936939","WOJEWÓDZKI URZĄD PRACY W LUBLINIE FILIA W CHEŁMIE","06","62","011","0929902","14201","1","","Chełm","pl. Niepodległości"
"43012391300036","7121936939","WOJEWÓDZKI URZĄD PRACY W LUBLINIE FILIA W ZAMOŚCIU","06","64","011","0987510","15733","3","","Zamość","ul. Partyzantów"
"43012391300043","7121936939","WOJEWÓDZKI URZĄD PRACY W LUBLINIE FILIA W BIAŁEJ PODLASKIEJ","06","61","011","0922018","23682","14","","Biała Podlaska","ul. Warszawska"
"43119974600000","7141716833","POWIATOWY URZĄD PRACY W LUBARTOWIE","06","08","011","0956313","21762","64","","Lubartów","ul. Klemensa Junoszy Szaniawskiego"
"43119995300000","7162242263","POWIATOWY URZĄD PRACY W RYKACH","06","16","044","0956980","19278","50","55","Ryki","ul. Rynek Stary"
"43120140800000","7171285792","POWIATOWY URZĄD PRACY W OPOLU LUBELSKIM","06","12","054","0956550","21032","14-16","","Opole Lubelskie","ul. Stary Rynek"
"43120249000000","7132149895","POWIATOWY URZĄD PRACY W ŁĘCZNEJ","06","10","034","0956388","33262","95","","Łęczna","Aleja Jana Pawła II"
"43120338200000","7131777750","POWIATOWY URZĄD PRACY W ŚWIDNIKU","06","17","011","0957146","48411","1","","Świdnik","Aleja Lotników Polskich"
"43120527000000","7162271230","POWIATOWY URZĄD PRACY W PUŁAWACH","06","14","011","0956810","11307","2G","","Puławy","ul. Lubelska"
"43120531700000","7151605940","POWIATOWY URZĄD PRACY W KRAŚNIKU","06","07","011","0956112","30816","20","","Kraśnik","Aleja Niepodległości"
"43120561300000","8621007592","POWIATOWY URZĄD PRACY W JANOWIE LUBELSKIM","06","05","054","0980493","25579","70","","Janów Lubelski","ul. Jana Zamoyskiego"
"43121364700000","7122524848","MIEJSKI URZĄD PRACY W LUBLINIE","06","63","011","0954700","14116","14","","Lublin","ul. Niecała"
"43121432200000","7122525279","POWIATOWY URZĄD PRACY W LUBLINIE","06","63","011","0954700","12600","11C","","Lublin","ul. Mełgiewska"
"45070863800000","7181219408","POWIATOWY URZĄD PRACY W ŁOMŻY","20","62","011","0957241","14426","1","","Łomża","ul. Nowogrodzka"
"45070919300000","7221068299","POWIATOWY URZĄD PRACY W WYSOKIEM MAZOWIECKIEM","20","13","011","0957620","11926","8","","Wysokie Mazowieckie","ul. 1 Maja"
"45070947700000","7231195846","POWIATOWY URZĄD PRACY W ZAMBROWIE","20","14","011","0957637","04863","3","","Zambrów","ul. Fabryczna"
"45070960300000","5461208422","POWIATOWY URZĄD PRACY W MOŃKACH","20","08","064","0923348","25133","22","","Mońki","ul. Wyzwolenia"
"45070996800000","7191030664","POWIATOWY URZĄD PRACY W GRAJEWIE","20","04","011","0957376","21271","6A","","Grajewo","ul. Strażacka"
"45070997400000","7211136668","POWIATOWY URZĄD PRACY W KOLNIE","20","06","011","0957420","24628","46","","Kolno","ul. Wojska Polskiego"
"47228377100000","7311026927","POWIATOWY URZĄD PRACY W PABIANICACH","10","08","021","0959079","23707","11","","Pabianice","ul. Ludwika Waryńskiego"
"47228600200000","7321045122","POWIATOWY URZĄD PRACY W ZGIERZU","10","20","031","0959263","00773","10","","Zgierz","ul. Henryka Barona"
"47229145700000","7751236416","POWIATOWY URZĄD PRACY W ŁĘCZYCY","10","04","011","0969250","19834","31","","Łęczyca","ul. Henryka Sienkiewicza"
"47229783300000","7282312256","POWIATOWY URZĄD PRACY ŁÓDŹ-WSCHÓD","10","61","069","0958453","03458","40/52","","Łódź","ul. Częstochowska"
"47229783300024","7282312256","POWIATOWY URZĄD PRACY ŁÓDŹ-WSCHÓD","10","06","074","0967831","02247","36","","Koluszki","ul. Brzezińska"
"47229785600000","7751071398","POWIATOWY URZĄD PRACY W KUTNIE","10","02","011","0969103","35421","11","","Kutno","ul. Kardynała Stefana Wyszyńskiego"
"47234958200000","7272490364","WOJEWÓDZKI URZĄD PRACY W ŁODZI","10","61","049","0958269","24797","49","","Łódź","ul. Wólczańska"
"47234958200024","7272490364","WOJEWÓDZKI URZĄD PRACY W ŁODZI CENTRUM INFORMACJI I PLANOWANIA KARIERY ZAWODOWEJ","10","62","011","0967430","20997","4","","Piotrków Trybunalski","ul. Starowarszawska"
"47234958200031","7272490364","WOJEWÓDZKI URZĄD PRACY W ŁODZI CENTRUM INFORMACJI I PLANOWANIA KARIERY ZAWODOWEJ","10","63","011","0976942","07029","28","","Skierniewice","ul. Jagiellońska"
"47234958200049","7272490364","WOJEWÓDZKI URZĄD PRACY W ŁODZI CENTRUM INFORMACJI I PLANOWANIA KARIERY ZAWODOWEJ","10","14","011","0976050","24628","73","","Sieradz","ul. Wojska Polskiego"
"49003840200000","7341025938","WOJEWÓDZKI URZĄD PRACY W KRAKOWIE FILIA W NOWYM SĄCZU","12","62","011","0959435","23923","146","","Nowy Sącz","ul. Węgierska"
"49199646000000","7371810429","POWIATOWY URZĄD PRACY","12","07","011","0960510","12355","9","","Limanowa","ul. Józefa Marka"
"49199653600000","7352278100","POWIATOWY URZĄD PRACY","12","11","011","0961538","22073","14","","Nowy Targ","ul. Szpitalna"
"49199878800000","7361062612","POWIATOWY URZĄD PRACY W ZAKOPANEM","12","17","011","0963773","21230","14","","Zakopane","ul. ks. Józefa Stolarczyka"
"49199944000000","7381839541","POWIATOWY URZĄD PRACY","12","05","011","0959903","12694","18","","Gorlice","ul. Józefa Michalusa"
"49202507100000","7341024270","SĄDECKI URZĄD PRACY","12","62","011","0959435","26081","55","","Nowy Sącz","ul. Zielona"
"51092816700000","7441528952","POWIATOWY URZĄD PRACY W IŁAWIE","28","07","011","0964650","11926","8 B","","Iława","ul. 1 Maja"
"51092870100000","7451075498","POWIATOWY URZĄD PRACY W NIDZICY","28","11","044","0964904","22961","23","","Nidzica","ul. Traugutta"
"51092871800000","7421892258","POWIATOWY URZĄD PRACY","28","10","011","0964896","09276","1","","Mrągowo","ul. Kopernika"
"51092887100000","7391423121","URZĄD PRACY POWIATU OLSZTYŃSKIEGO","28","62","011","0964465","38558","64B","","Olsztyn","Aleja Marszałka Józefa Piłsudskiego"
"51092961700000","8771331816","POWIATOWY URZĄD PRACY W NOWYM MIEŚCIE LUBAWSKIM","28","12","011","0983563","06260","3","","Nowe Miasto Lubawskie","ul. Grunwaldzka"
"51093013500000","7411821179","POWIATOWY URZĄD PRACY W OSTRÓDZIE","28","15","011","0964927","20431","5","","Ostróda","ul. Jana III Sobieskiego"
"51093016400000","7431693968","POWIATOWY URZĄD PRACY","28","01","011","0964583","06188","1","","Bartoszyce","ul. Grota-Roweckiego"
"51093106300000","8491433349","POWIATOWY URZĄD PRACY W PISZU","28","16","034","0977835","25354","2","","Pisz","ul. Jana Onufrego Zagłoby"
"51093154800000","7451630072","POWIATOWY URZĄD PRACY W SZCZYTNIE","28","17","011","0964991","16961","4","","Szczytno","ul. Wincentego Pola"
"51093175500000","7421015669","POWIATOWY URZĄD PRACY W KĘTRZYNIE","28","08","011","0964710","16579","11","","Kętrzyn","ul. Pocztowa"
"51093402100000","8471407395","POWIATOWY URZĄD PRACY W OLECKU","28","13","044","0977798","00432","30","","Olecko","ul. Armii Krajowej"
"51093639100000","5711034711","POWIATOWY URZĄD PRACY W DZIAŁDOWIE","28","03","011","0930609","02844","6","","Działdowo","ul. Chopina"
"51094186000000","8451711664","POWIATOWY URZĄD PRACY W GIŻYCKU","28","06","011","0977692","05431","11","","Giżycko","ul. Gdańska"
"51095687300000","7393127639","MIEJSKI URZĄD PRACY W OLSZTYNIE","28","62","011","0964465","38558","64 B","","Olsztyn","Aleja Marszałka Józefa Piłsudskiego"
"51132639300000","7393187854","WOJEWÓDZKI URZĄD PRACY W OLSZTYNIE","28","62","011","0964465","05627","28","","Olsztyn","ul. Bartosza Głowackiego"
"51132639300028","7393187854","WOJEWÓDZKI URZĄD PRACY W OLSZTYNIE STANOWISKO ZAMIEJSCOWE W EŁKU","28","05","011","0977670","","10","","Ełk",""
"51132639300035","7393187854","WOJEWÓDZKI URZĄD PRACY W OLSZTYNIE STANOWISKO ZAMIEJSCOWE W ELBLĄGU","28","61","011","0932703","37883","54","","Elbląg","ul. Generała Józefa Bema"
"51143398200000","8471462141","POWIATOWY URZĄD PRACY W GOŁDAPI","28","18","034","0977700","26464","18","","Gołdap","ul. Żeromskiego"
"51143399900000","8451799363","POWIATOWY URZĄD PRACY W WĘGORZEWIE","28","19","034","0977947","37883","16A","","Węgorzewo","ul. Generała Józefa Bema"
"53159592400000","7531865624","POWIATOWY URZĄD PRACY","16","07","054","0965789","20294","19","","Nysa","ul. Słowiańska"
"53159594700000","7561285653","POWIATOWY URZĄD PRACY","16","11","054","0965915","05708","2A","","Strzelce Opolskie","ul. Gogolińska"
"53159595300000","7511036586","POWIATOWY URZĄD PRACY","16","04","024","0965619","19830","22B","","Kluczbork","ul. Sienkiewicza"
"53159670500000","7471224978","POWIATOWY URZĄD PRACY","16","01","011","0965252","00432","32","","Brzeg","ul. Armii Krajowej"
"53159686900000","7521010335","POWIATOWY URZĄD PRACY","16","06","024","0965743","16414","1","","Namysłów","Plac Wolności"
"53159813000000","7551695409","POWIATOWY URZĄD PRACY","16","10","044","0965878","07029","21","","Prudnik","ul. Jagiellońska"
"53159856100000","7541872985","POWIATOWY URZĄD PRACY","16","61","011","0965016","39971","21","","Opole","ul. Majora """"Hubala"""""
"53159877900000","5761158912","POWIATOWY URZĄD PRACY W OLEŚNIE","16","08","034","0932293","04434","4","","Olesno","ul. Dworcowa"
"53159994500000","7551696403","POWIATOWY URZĄD PRACY W KRAPKOWICACH","16","05","024","0965677","08431","1A","","Krapkowice","ul. Kilińskiego"
"53160077200000","7481034185","POWIATOWY URZĄD PRACY","16","02","034","0965329","16579","6","","Głubczyce","ul. Pocztowa"
"53160139800000","7491398368","POWIATOWY URZĄD PRACY","16","03","011","0965424","00336","11","","Kędzierzyn-Koźle","ul. Anny"
"53165550800000","7542663278","WOJEWÓDZKI URZĄD PRACY W OPOLU","16","61","011","0965016","05614","25C","","Opole","ul. Głogowska"
"55034773000000","7591012523","POWIATOWY URZĄD PRACY","14","16","011","0966330","29830","55","","Ostrów Mazowiecka","ul. 3-go Maja"
"55034778100000","7571008553","POWIATOWY URZĄD PRACY","14","11","011","0966300","17618","77B","","Maków Mazowiecki","ul. Przasnyska"
"55034782900000","7611079141","POWIATOWY URZĄD PRACY W PRZASNYSZU","14","22","011","0966398","07617","6","","Przasnysz","ul. Berka Joselewicza"
"55034787000000","7581149545","POWIATOWY URZĄD PRACY","14","61","011","0966079","11205","68","","Ostrołęka","ul. 11 Listopada"
"55034790100000","7621219649","POWIATOWY URZĄD PRACY","14","35","054","0966470","09582","15","","Wyszków","ul. Tadeusza Kościuszki"
"57086627000000","7642214195","POWIATOWY URZĄD PRACY","30","19","011","0966530","52732","24","","Piła","aleja Niepodległości"
"57086627000027","7642214195","POWIATOWY URZĄD PRACY W PILE FILIA W WYRZYSKU","30","19","084","0967392","02498","11","","Wyrzysk","ul. Bydgoska"
"57086723000000","7661013842","POWIATOWY URZĄD PRACY","30","28","011","0967297","08828","22","","Wągrowiec","ul. Kolejowa"
"57086764800000","7631865026","POWIATOWY URZĄD PRACY W CZARNKOWIE","30","02","011","0966777","54183","1","","Czarnków","ul. Podpułkownika Zdzisława Orłowskiego"
"57086785500000","7671088103","POWIATOWY URZĄD PRACY","30","31","011","0967423","08828","11","","Złotów","ul. Kolejowa"
"57086866500000","7642219577","POWIATOWY URZĄD PRACY W CHODZIEŻY","30","01","011","0966760","20060","3","","Chodzież","ul. Składowa"
"59074536100000","7712314810","POWIATOWY URZĄD PRACY W PIOTRKOWIE TRYB.","10","62","011","0967430","03868","27","","Piotrków Trybunalski","ul. Romana Dmowskiego"
"59074583000000","7721965464","POWIATOWY URZĄD PRACY W PAJĘCZNIE","10","09","044","0932330","11926","65","","Pajęczno","ul. 1 Maja"
"59074595800000","7691884872","POWIATOWY URZĄD PRACY W BEŁCHATOWIE","10","01","011","0967647","00905","3","","Bełchatów","ul. Bawełniana"
"59074628300000","7731027980","POWIATOWY URZĄD PRACY","10","16","011","0968300","00351","41","","Tomaszów Mazowiecki","ul. św. Antoniego"
"59074741400000","7681018788","POWIATOWY URZĄD PRACY","10","07","044","0967943","18819","6","","Opoczno","ul. Rolna"
"59074813500000","7721902771","POWIATOWY URZĄD PRACY","10","12","011","0968078","23270","2","","Radomsko","ul. Tysiąclecia"
"61105306400000","7761537711","POWIATOWY URZĄD PRACY W SIERPCU","14","27","011","0969310","24459","2","","Sierpc","ul. Wincentego Witosa"
"61105327100000","7741072002","POWIATOWY URZĄD PRACY W PŁOCKU","14","62","011","0968687","09483","1","","Płock","ul. Kostrogaj"
"61105328800000","9710072798","POWIATOWY URZĄD PRACY W GOSTYNINIE","14","04","011","0968977","16511","66/68","","Gostynin","ul. Płocka"
"63207651900000","7871728228","POWIATOWY URZĄD PRACY W SZAMOTUŁACH","30","24","074","0971531","24628","1","","Szamotuły","ul. Wojska Polskiego"
"63207671000000","7871728145","POWIATOWY URZĄD PRACY W OBORNIKACH","30","16","014","0971181","19581","5","","Oborniki","ul. Sądowa"
"63207677800000","7881020324","POWIATOWY URZĄD PRACY W GRODZISKU WIELKOPOLSKIM","30","05","024","0970810","17394","15","","Grodzisk Wielkopolski","ul. Poznańska"
"63969471700000","7831524761","POWIATOWY URZĄD PRACY W POZNANIU","30","64","069","0970448","03283","9","","Poznań","ul. Stefana Czarnieckiego"
"63969523700000","7891326674","POWIATOWY URZĄD PRACY WE WRZEŚNI","30","30","054","0971637","24628","2","","Września","ul. Wojska Polskiego"
"63969526600000","7861540782","POWIATOWY URZĄD PRACY W ŚRODZIE WLKP.","30","25","044","0971614","09501","46","","Środa Wielkopolska","ul. Kosynierów"
"63969695200000","7841568895","POWIATOWY URZĄD PRACY W GNIEŹNIE","30","03","011","0970632","20431","20","","Gniezno","ul. Jana III Sobieskiego"
"63969697500000","7881133040","POWIATOWY URZĄD PRACY W NOWYM TOMYŚLU","30","15","044","0971175","17394","30 budynek E","wejście 3","Nowy Tomyśl","ul. Poznańska"
"63976996400000","7781379161","WOJEWÓDZKI URZĄD PRACY W POZNANIU","30","64","059","0970224","22273","14","","Poznań","ul. Szyperska"
"65002746400000","7951057859","POWIATOWY URZĄD PRACY","18","62","011","0971672","08202","5","","Przemyśl","ul. Katedralna"
"65095990800000","7941251583","POWIATOWY URZĄD PRACY W PRZEWORSKU","18","14","011","0972513","07029","10","","Przeworsk","ul. Jagiellońska"
"65096024800000","7921883682","POWIATOWY URZĄD PRACY W JAROSŁAWIU","18","04","011","0972192","20291","2","","Jarosław","ul. Juliusza Słowackiego"
"65096085700000","7931045758","POWIATOWY URZĄD PRACY W LUBACZOWIE","18","09","011","0972447","09582","141","","Lubaczów","ul. Tadeusza Kościuszki"
"67198369000000","8121734685","POWIATOWY URZĄD PRACY W KOZIENICACH","14","07","054","0973524","25963","1","","Kozienice","ul. Zdziczów"
"67198372100000","9482133743","POWIATOWY URZĄD PRACY W RADOMIU","14","63","011","0972750","33104","3","","Radom","ul. ks. Andrzeja Łukasika"
"67198392200000","7991782354","POWIATOWY URZĄD PRACY W SZYDŁOWCU","14","30","054","0973895","12627","7","","Szydłowiec","ul. Metalowa"
"67198408600000","7971670296","POWIATOWY URZĄD PRACY W GRÓJCU","14","06","054","0973352","10666","4A","","Grójec","ul. Laskowa"
"67198432400000","7981347384","POWIATOWY URZĄD PRACY W BIAŁOBRZEGACH","14","01","014","0973286","20060","5","","Białobrzegi","ul. Składowa"
"67198450200000","8111600842","POWIATOWY URZĄD PRACY W LIPSKU","14","09","034","0973613","19253","29","","Lipsko","ul. Rynek"
"67198456000000","8111601600","POWIATOWY URZĄD PRACY W ZWOLENIU","14","36","054","0974096","11383","7","","Zwoleń","ul. Ludowa"
"67198912600000","7991371496","POWIATOWY URZĄD PRACY W PRZYSUSZE","14","23","064","0973777","21970","7","","Przysucha","ul. Szkolna"
"69069085200000","8161120216","POWIATOWY URZĄD PRACY W LEŻAJSKU","18","08","011","0974400","12740","56","","Leżajsk","ul. Adama Mickiewicza"
"69069182800000","8151383061","POWIATOWY URZĄD PRACY","18","10","011","0974529","16264","9","","Łańcut","ul. Józefa Piłsudskiego"
"69069183400000","8181290281","POWIATOWY URZĄD PRACY W ROPCZYCACH","18","15","034","0974825","13947","2","","Ropczyce","ul. Najświętszej Marii Panny"
"69069262100000","8131463070","POWIATOWY URZĄD PRACY W RZESZOWIE","18","63","011","0974133","15733","1A","","Rzeszów","ul. Partyzantów"
"69069432400000","8721726814","POWIATOWY URZĄD PRACY","18","03","011","0982233","03114","20","","Dębica","ul. Cmentarna"
"69119368200000","8133178741","WOJEWÓDZKI URZĄD PRACY W RZESZOWIE","18","63","011","0974133","14010","11","","Rzeszów","ul. Adama Stanisława Naruszewicza"
"71008853100000","8261405740","POWIATOWY URZĄD PRACY W GARWOLINIE","14","03","011","0975285","12540","26","","Garwolin","ul. Mazowiecka"
"71166215600000","8221491696","POWIATOWY URZĄD PRACY W MIŃSKU MAZOWIECKIM","14","12","011","0975687","17742","4","","Mińsk Mazowiecki","ul. Przemysłowa"
"71166724800000","8231479538","POWIATOWY URZĄD PRACY W SOKOŁOWIE PODLASKIM","14","29","011","0975760","23992","3","","Sokołów Podlaski","ul. Oleksiaka Wichury"
"71166869600000","8211046931","POWIATOWY URZĄD PRACY W SIEDLCACH","14","64","011","0975173","18099","19/21","","Siedlce","ul. Kazimierza Pułaskiego"
"71166999700000","8241017555","POWIATOWY URZĄD PRACY W WĘGROWIE","14","33","011","0975871","54032","23","","Węgrów","ul. Marsz. J. Piłsudskiego"
"73100215400000","8321015825","POWIATOWY URZĄD PRACY W WIELUNIU","10","17","094","0976586","19844","56 A","","Wieluń","ul. Sieradzka"
"73100216000000","8291011193","POWIATOWY URZĄD PRACY W ZDUŃSKIEJ WOLI","10","19","011","0976675","05471","4","","Zduńska Wola","ul. Getta Żydowskiego"
"73100218300000","8281241336","POWIATOWY URZĄD PRACY W PODDĘBICACH","10","11","034","0976400","17011","9","","Poddębice","ul. Polna"
"73100219000000","8271924186","POWIATOWY URZĄD PRACY W SIERADZU","10","14","011","0976050","40846","3","","Sieradz","Plac Wojewódzki"
"73100291200000","6191060334","POWIATOWY URZĄD PRACY W WIERUSZOWIE","10","18","074","0937400","23707","15","","Wieruszów","ul. Ludwika Waryńskiego"
"73158120600000","8311027577","POWIATOWY URZĄD PRACY W ŁASKU","10","03","024","0976296","14575","4","","Łask","ul. Objazdowa"
"75020054000000","8361626127","POWIATOWY URZĄD PRACY","10","63","011","0976942","30816","7","","Skierniewice","Aleja Niepodległości"
"75020068100000","8341553543","POWIATOWY URZĄD PRACY","10","05","011","0977031","20835","28","","Łowicz","ul. Stanisława Stanisławskiego"
"75020190100000","8351004915","POWIATOWY URZĄD PRACY W RAWIE MAZOWIECKIEJ","10","13","011","0977077","11926","1 A","","Rawa Mazowiecka","ul. 1 Maja"
"75073172800000","8331338978","POWIATOWY URZĄD PRACY W BRZEZINACH","10","21","011","0977025","19834","11","","Brzeziny","ul. Henryka Sienkiewicza"
"77128612000000","8392036303","POWIATOWY URZĄD PRACY","22","63","011","0977278","10878","8","","Słupsk","ul. Stanisława Leszczyńskiego"
"77128612000020","8392036303","POWIATOWY URZĄD PRACY W SŁUPSKU FILIA W USTCE","22","12","011","0977427","03446","9","","Ustka","ul. Czerwonych Kosynierów"
"77128616600000","5551822806","POWIATOWY URZĄD PRACY","22","02","011","0928854","11035","5","","Chojnice","ul. Lichnowska"
"77128741500000","8421022256","POWIATOWY URZĄD PRACY W BYTOWIE","22","01","024","0977290","24628","6","","Bytów","ul. Wojska Polskiego"
"77128805300000","8431071368","POWIATOWY URZĄD PRACY CZŁUCHÓW","22","03","011","0977321","07494","1A","","Człuchów","ul. Jerzego z Dąbrowy"
"77128947200000","8411357021","POWIATOWY URZĄD PRACY","22","08","011","0977373","05431","35","","Lębork","ul. Gdańska"
"79002606800000","8481603092","POWIATOWY URZĄD PRACY","28","05","011","0977670","21614","38","","Ełk","ul. Suwalska"
"79074210300000","8441930471","POWIATOWY URZĄD PRACY","20","63","011","0977456","09582","71A","","Suwałki","ul. Tadeusza Kościuszki"
"79074233300000","8461015245","POWIATOWY URZĄD PRACY","20","01","011","0977539","12734","2","","Augustów","ul. Mickiewicza"
"79074285300000","8441930583","POWIATOWY URZĄD PRACY","20","09","011","0977918","11596","26","","Sejny","ul. Łąkowa"
"81014446200000","8512680829","WOJEWÓDZKI URZĄD PRACY","32","62","011","0977976","12740","41","","Szczecin","ul. Adama Mickiewicza"
"81014579200000","8541983165","POWIATOWY URZĄD PRACY W STARGARDZIE","32","14","011","0979596","16155","35","","Stargard","ul. Pierwszej Brygady"
"81014587500000","8561217304","POWIATOWY URZĄD PRACY W GOLENIOWIE","32","04","024","0978929","25449","3","","Goleniów","ul. Zakładowa"
"81014587500026","8561217304","POWIATOWY URZĄD PRACY W GOLENIOWIE FILIA W NOWOGARDZIE","32","04","044","0979389","16415","9","","Nowogard","ul. Plac Wolności"
"81014599300000","8511164617","POWIATOWY URZĄD PRACY W SZCZECINIE","32","62","011","0977976","12740","39","","Szczecin","ul. Adama Mickiewicza"
"81014615900000","8531374393","POWIATOWY URZĄD PRACY","32","12","054","0979515","04434","23","","Pyrzyce","ul. Dworcowa"
"81014619400000","8581375207","POWIATOWY URZĄD PRACY W GRYFINIE","32","06","044","0979076","20716","1","","Gryfino","ul. Sprzymierzonych"
"81014619400020","8581375207","POWIATOWY URZĄD PRACY W GRYFINIE FILIA W CHOJNIE","32","06","034","0978786","04434","3","","Chojna","ul. Dworcowa"
"81193628300000","8512627137","POWIATOWY URZĄD PRACY W POLICACH","32","11","044","0979449","09582","5","","Police","ul. Tadeusza Kościuszki"
"81193636600000","9860024252","POWIATOWY URZĄD PRACY","32","07","034","0979113","22880","5","","Kamień Pomorski","ul. Topolowa"
"81193749500000","8571042823","POWIATOWY URZĄD PRACY W GRYFICACH","32","05","024","0979053","09512","4","","Gryfice","ul. Koszarowa"
"81193752600000","8551024331","POWIATOWY URZĄD PRACY","32","63","011","0979722","24628","1/2A","","Świnoujście","ul. Wojska Polskiego"
"81242712900000","2530104317","POWIATOWY URZĄD PRACY W ŁOBZIE","32","18","024","0979136","14203","13","","Łobez","ul. Niepodległości"
"83046193900000","8141268571","POWIATOWY URZĄD PRACY","18","06","024","0974392","16264","59 A","","Kolbuszowa","ul. Józefa Piłsudskiego"
"83046219800000","8671028490","POWIATOWY URZĄD PRACY W TARNOBRZEGU","18","64","011","0980085","11926","3","","Tarnobrzeg","ul. 1 Maja"
"83046248800000","8651119189","POWIATOWY URZĄD PRACY","18","12","054","0980530","19491","6A","","Nisko","ul. Sandomierska"
"83046302200000","8651530619","POWIATOWY URZĄD PRACY W STALOWEJ WOLI","18","18","011","0981133","03868","8","","Stalowa Wola","ul. Romana Dmowskiego"
"83046686500000","8171033080","POWIATOWY URZĄD PRACY W MIELCU","18","11","011","0974618","02844","16A","","Mielec","ul. Chopina"
"85005235500000","8731372329","WOJEWÓDZKI URZĄD PRACY W KRAKOWIE FILIA W TARNOWIE","12","63","011","0981570","22135","66","","Tarnów","ul. Józefa Szujskiego"
"85176311800000","8731018409","POWIATOWY URZĄD PRACY W TARNOWIE","12","63","011","0981570","45076","3","","Tarnów","pl. Generała Józefa Bema"
"85176962900000","8681604009","POWIATOWY URZĄD PRACY","12","01","011","0981682","24628","3","","Bochnia","ul. Wojska Polskiego"
"85177323000000","8691220919","POWIATOWY URZĄD PRACY W BRZESKU","12","02","024","0981966","36029","19","","Brzesko","ul. Marszałka Józefa Piłsudskiego"
"85180156300000","8711220237","POWIATOWY URZĄD PRACY W DĄBROWIE TARNOWSKIEJ","12","04","024","0982167","36029","33","","Dąbrowa Tarnowska","ul. Marszałka Józefa Piłsudskiego"
"87121224200000","8781547972","POWIATOWY URZĄD PRACY W GOLUBIU-DOBRZYNIU","04","05","011","0983155","44153","26","","Golub-Dobrzyń","ul. Szosa Rypińska"
"87121448800000","8781609963","POWIATOWY URZĄD PRACY W WĄBRZEŹNIE","04","17","011","0983652","24687","44","","Wąbrzeźno","ul. Wolności"
"87121838000000","8761017917","POWIATOWY URZĄD PRACY W GRUDZIĄDZU","04","62","011","0983333","15710","22","","Grudziądz","ul. Parkowa"
"87122092200000","8751065412","POWIATOWY URZĄD PRACY","04","04","011","0983066","22550","1","","Chełmno","ul. Świętojerska"
"87123456800000","8792199138","POWIATOWY URZĄD PRACY DLA MIASTA TORUNIA","04","63","011","0982724","12540","49A","","Toruń","ul. Mazowiecka"
"87123634300000","8792201852","POWIATOWY URZĄD PRACY DLA POWIATU TORUŃSKIEGO","04","63","011","0982724","17011","115,115A","","Toruń","ul. Polna"
"87123989600000","8741289156","POWIATOWY URZĄD PRACY","04","02","011","0982954","26608","3","","Brodnica","ul. Żwirki i Wigury"
"87124606300000","9562020455","WOJEWÓDZKI URZĄD PRACY W TORUNIU","04","63","011","0982724","48367","30/32","","Toruń","ul. Szosa Chełmińska"
"89107471200000","8821476156","POWIATOWY URZĄD PRACY W DZIERŻONIOWIE","02","02","021","0983988","19253","27","","Dzierżoniów","ul. Rynek"
"89107483000000","8862507882","POWIATOWY URZĄD PRACY W WAŁBRZYCHU","02","65","011","0983681","14834","5 B","","Wałbrzych","ul. Ogrodowa"
"89107615400000","8871324112","POWIATOWY URZĄD PRACY W ZĄBKOWICACH ŚLĄSKICH","02","24","054","0984692","17372","7","","Ząbkowice Śląskie","ul. Powstańców Warszawy"
"89107652700000","8841294659","POWIATOWY URZĄD PRACY W ŚWIDNICY","02","19","011","0984657","20068","5","","Świdnica","ul. Marii Skłodowskiej-Curie"
"89112912300000","8831012168","POWIATOWY URZĄD PRACY W KŁODZKU","02","08","021","0984077","25084","2J","","Kłodzko","ul. Stanisława Wyspiańskiego"
"89112930100000","8862566413","DOLNOŚLĄSKI WOJEWÓDZKI URZĄD PRACY","02","65","011","0983681","14834","5B","","Wałbrzych","ul. Ogrodowa"
"89112930100022","8862566413","DOLNOŚLĄSKI WOJEWÓDZKI URZĄD PRACY FILIA WE WROCŁAWIU","02","64","029","0986290","10559","4","","Wrocław","ul. Eugeniusza Kwiatkowskiego"
"89112930100030","8862566413","DOLNOŚLĄSKI WOJEWÓDZKI URZĄD PRACY FILIA W LEGNICY","02","62","011","0954047","24685","4","","Legnica","pl. Wolności"
"89112930100047","8862566413","DOLNOŚLĄSKI WOJEWÓDZKI URZĄD PRACY FILIA W JELENIEJ GÓRZE","02","61","011","0935802","11926","27","","Jelenia Góra","ul. 1 Maja"
"91093310900000","8881540099","POWIATOWY URZĄD PRACY WE WŁOCŁAWKU","04","64","011","0984752","07983","24","","Włocławek","ul. Kapitulna"
"91093311500000","8911169713","POWIATOWY URZĄD PRACY","04","01","011","0985384","17742","1","","Aleksandrów Kujawski","ul. Przemysłowa"
"91093331600000","8891248443","POWIATOWY URZĄD PRACY","04","11","011","0986060","09572","20/22","","Radziejów","ul. Kościuszki"
"91093352300000","8931291558","POWIATOWY URZĄD PRACY W LIPNIE","04","08","011","0985830","14914","7B","","Lipno","ul. Stefana Okrzei"
"91093385900000","8921160599","POWIATOWY URZĄD PRACY W RYPINIE","04","12","011","0986136","14532","14","","Rypin","ul. Nowy Rynek"
"93210456000000","9131149233","POWIATOWY URZĄD PRACY W ŚRODZIE ŚLĄSKIEJ","02","18","044","0987348","24806","4","","Środa Śląska","ul. Wrocławska"
"93210482100000","9151566514","POWIATOWY URZĄD PRACY W TRZEBNICY","02","20","034","0987383","09582","10","","Trzebnica","ul. Tadeusza Kościuszki"
"93210665900000","9111740383","POWIATOWY URZĄD PRACY W OLEŚNICY","02","14","011","0987213","24628","13","","Oleśnica","ul. Wojska Polskiego"
"93210950500000","9161285395","POWIATOWY URZĄD PRACY W MILICZU","02","13","034","0987130","24628","40","","Milicz","ul. Wojska Polskiego"
"93211057200000","9880001544","POWIATOWY URZĄD PRACY W WOŁOWIE","02","22","034","0987466","48601","2","","Wołów","Plac Piastowski"
"93211137600000","6991448241","POWIATOWY URZĄD PRACY W GÓRZE","02","04","014","0954449","17394","4","","Góra","ul. Poznańska"
"93211248200000","8961000873","POWIATOWY URZĄD PRACY WE WROCŁAWIU","02","64","039","0986544","05559","20-22","","Wrocław","ul. Gliniana"
"93212522000000","9141037754","POWIATOWY URZĄD PRACY W STRZELINIE","02","17","044","0987331","07879","10","","Strzelin","ul. Kamienna"
"93213238400000","9121044248","POWIATOWY URZĄD PRACY","02","15","011","0987259","11937","1","","Oława","ul. 3 Maja"
"95003168600000","9221069526","POWIATOWY URZĄD PRACY W ZAMOŚCIU","06","64","011","0987510","16414","1","","Zamość","Plac Wolności"
"95003169200000","9181028081","POWIATOWY URZĄD PRACY W BIŁGORAJU","06","02","011","0987673","01651","38","","Biłgoraj","ul. Bohaterów Monte Cassino"
"95003170000000","9191250711","POWIATOWY URZĄD PRACY W HRUBIESZOWIE","06","04","011","0987800","10894","11","","Hrubieszów","ul. Leśmiana"
"95003171700000","9211370514","POWIATOWY URZĄD PRACY W TOMASZOWIE LUB.","06","18","011","0988075","11467","35","","Tomaszów Lubelski","ul. Lwowska"
"97013998800000","9730045994","WOJEWÓDZKI URZĄD PRACY W ZIELONEJ GÓRZE","08","62","011","0988313","25084","15","","Zielona Góra","ul. Stanisława Wyspiańskiego"
"97013998800028","9730045994","WOJEWÓDZKI URZĄD PRACY W ZIELONEJ GÓRZE ODDZIAŁ ZAMIEJSCOWY GORZÓW WLKP.","08","61","011","0935140","09043","34","801","Gorzów Wielkopolski","ul. Kombatantów"
"97014026000000","9730077942","POWIATOWY URZĄD PRACY W ZIELONEJ GÓRZE","08","62","011","0988313","00891","126A","","Zielona Góra","ul. Stefana Batorego"
"97125219000000","9241637726","POWIATOWY URZĄD PRACY W ŻAGANIU","08","10","021","0988661","04434","9","","Żagań","ul. Dworcowa"
"97125239100000","9281742501","POWIATOWY URZĄD PRACY W ŻARACH","08","11","021","0988684","12832","15","","Żary","ul. Mieszka I"
"97125381200000","9271014332","POWIATOWY URZĄD PRACY","08","08","054","0988626","21410","8","","Świebodzin","ul. Studencka"
"97125427200000","9261512086","POWIATOWY URZĄD PRACY W KROŚNIE ODRZAŃSKIM","08","02","064","0988460","16057","10B","","Krosno Odrzańskie","ul. Piastów"
"97125663800000","9251805817","POWIATOWY URZĄD PRACY W NOWEJ SOLI","08","04","011","0988520","21065","1C","","Nowa Sól","ul. Staszica"
"97794812000000","9251890651","POWIATOWY URZĄD PRACY WE WSCHOWIE","08","12","034","0954685","20947","13,13A","","Wschowa","ul. Staroleszczyńska"
